{
  "anthropic/claude-haiku-4.5": {
    "coder": 0.7961107336956521,
    "reviewer": 0.6899571185214244
  },
  "anthropic/claude-sonnet-4.5": {
    "coder": 0.7961107336956521,
    "reviewer": 0.8620194241710247
  },
  "deepseek/deepseek-chat-v3.1": {
    "coder": 0.7961107336956521,
    "reviewer": 0.741507847985494
  },
  "deepseek/deepseek-r1": {
    "coder": 0.2679886791947528,
    "reviewer": 0.25634368332198654
  },
  "google/gemini-2.5-flash": {
    "coder": 0.5481406466534955,
    "reviewer": 0.5809611981726509
  },
  "google/gemini-2.5-flash-lite": {
    "coder": 0,
    "reviewer": 0
  },
  "google/gemini-2.5-pro": {
    "coder": 0.7961107336956521,
    "reviewer": 0.6899571185214244
  },
  "meta-llama/llama-3.3-70b-instruct": {
    "coder": 0,
    "reviewer": 0.09244689104788088
  },
  "mistralai/codestral-2508": {
    "coder": 0.037360469891359285,
    "reviewer": 0.3883433764938864
  },
  "mistralai/mistral-small-3.2-24b-instruct": {
    "coder": 0,
    "reviewer": 0.5083193634129031
  },
  "moonshotai/kimi-k2": {
    "coder": 0.48049110342313245,
    "reviewer": 0.46705959494080457
  },
  "openai/gpt-5": {
    "coder": 0.7961107336956521,
    "reviewer": 0.8620194241710247
  },
  "openai/gpt-5-mini": {
    "coder": 0.7961107336956521,
    "reviewer": 0.8620194241710247
  },
  "openai/gpt-oss-120b": {
    "coder": 0,
    "reviewer": 0
  },
  "openai/gpt-oss-20b": {
    "coder": 0.6853073044604219,
    "reviewer": 0.6414652961213058
  },
  "qwen/qwen3-235b-a22b": {
    "coder": 0.3011663015105079,
    "reviewer": 0.5952915551476453
  },
  "qwen/qwen3-coder": {
    "coder": 0.15176100694691236,
    "reviewer": 0.6414652961213058
  },
  "z-ai/glm-4.6": {
    "coder": 0.7961107336956521,
    "reviewer": 0.6414652961213058
  }
}
