{
  "anthropic/claude-sonnet-4.6": {
    "coder": 0.886482908609522,
    "reviewer": 0.8620194241710247
  },
  "deepseek/deepseek-v3.2": {
    "coder": 0.7867618227892791,
    "reviewer": 0.6899571185214244
  },
  "deepseek/deepseek-v4-flash": {
    "coder": 0.886482908609522,
    "reviewer": 0.6899571185214244
  },
  "deepseek/deepseek-v4-pro": {
    "coder": 0.886482908609522,
    "reviewer": 0.7975777375115778
  },
  "google/gemini-3-flash-preview": {
    "coder": 0.886482908609522,
    "reviewer": 0.741507847985494
  },
  "google/gemini-3.1-pro-preview": {
    "coder": 0.886482908609522,
    "reviewer": 0.6899571185214244
  },
  "mistralai/mistral-large-2512": {
    "coder": 0.8332924860304112,
    "reviewer": 0.5083193634129031
  },
  "openai/gpt-5.5": {
    "coder": 0.886482908609522,
    "reviewer": 0.8620194241710247
  },
  "qwen/qwen3-coder-flash": {
    "coder": 0.6269395261897257,
    "reviewer": 0.5510017468789357
  },
  "qwen/qwen3-coder-plus": {
    "coder": 0.7031831605558306,
    "reviewer": 0.8620194241710247
  },
  "x-ai/grok-4.3": {
    "coder": 0.886482908609522,
    "reviewer": 0.741507847985494
  }
}
